{
	"analyses" : 
	[
		{
			"dynamicModule" : 
			{
				"analysisEntry" : "Correlation",
				"moduleMaintainer" : "JASP Team <info@jasp-stats.org>",
				"moduleName" : "jaspRegression",
				"moduleVersion" : "0.16.4",
				"moduleWebsite" : "jasp-stats.org"
			},
			"id" : 1,
			"name" : "Correlation",
			"options" : 
			{
				".meta" : 
				{
					"partialOutVariables" : 
					{
						"shouldEncode" : true
					},
					"variables" : 
					{
						"shouldEncode" : true
					}
				},
				"alternative" : "twoSided",
				"assumptionCheckMultivariateEnergy" : false,
				"assumptionCheckMultivariateMardia" : false,
				"assumptionCheckMultivariateRoyston" : false,
				"assumptionCheckMultivariateShapiro" : false,
				"assumptionCheckPairwiseEnergy" : false,
				"assumptionCheckPairwiseMardia" : false,
				"assumptionCheckPairwiseRoyston" : false,
				"assumptionCheckPairwiseShapiro" : false,
				"ci" : false,
				"ciBootstrap" : false,
				"ciBootstrapSamples" : 1000,
				"ciLevel" : 0.94999999999999996,
				"crossProducts" : false,
				"heatmapPlot" : false,
				"kendallsTauB" : false,
				"meansAndSd" : false,
				"naAction" : "pairwise",
				"pairwiseDisplay" : false,
				"partialOutVariables" : [],
				"pearson" : true,
				"plotHeight" : 320,
				"plotWidth" : 480,
				"sampleSize" : false,
				"scatterPlot" : true,
				"scatterPlotCi" : false,
				"scatterPlotCiLevel" : 0.94999999999999996,
				"scatterPlotDensity" : true,
				"scatterPlotPredictionInterval" : false,
				"scatterPlotPredictionIntervalLevel" : 0.94999999999999996,
				"scatterPlotStatistic" : false,
				"significanceFlagged" : false,
				"significanceReport" : true,
				"spearman" : false,
				"variables" : 
				[
					"crossing time",
					"duration (Sec)"
				],
				"vovkSellke" : false
			},
			"progress" : null,
			"rSources" : {},
			"results" : 
			{
				".meta" : 
				[
					{
						"info" : "",
						"name" : "mainTable",
						"title" : "Pearson's Correlations",
						"type" : "table"
					},
					{
						"info" : "",
						"name" : "corrPlot",
						"title" : "Correlation plot",
						"type" : "image"
					}
				],
				"citation" : 
				[
					"JASP Team (2022). JASP (Version 0.16.4) [Computer software]."
				],
				"corrPlot" : 
				{
					"aspectRatio" : 0.0,
					"convertible" : true,
					"data" : "resources/1/_14_t1672221166610.png",
					"editOptions" : 
					{
						"errorType" : "validationError",
						"reasonNotEditable" : "This plot cannot be edited because it consists of multiple smaller figures."
					},
					"editable" : false,
					"errorType" : "validationError",
					"height" : 580,
					"name" : "corrPlot",
					"reasonNotEditable" : "This plot cannot be edited because it consists of multiple smaller figures.",
					"revision" : 0,
					"status" : "complete",
					"title" : "Correlation plot",
					"width" : 580
				},
				"mainTable" : 
				{
					"casesAcrossColumns" : true,
					"data" : 
					[
						{
							"crossing time_pearson_estimate" : "\u2014",
							"crossing time_pearson_p.value" : "\u2014",
							"duration (Sec)_pearson_estimate" : -0.4866479070299472,
							"duration (Sec)_pearson_p.value" : 0.034605739375932205,
							"var1" : "crossing time"
						},
						{
							"crossing time_pearson_estimate" : "",
							"crossing time_pearson_p.value" : "",
							"duration (Sec)_pearson_estimate" : "\u2014",
							"duration (Sec)_pearson_p.value" : "\u2014",
							"var1" : "duration (Sec)"
						}
					],
					"footnotes" : [],
					"name" : "mainTable",
					"overTitle" : false,
					"schema" : 
					{
						"fields" : 
						[
							{
								"combine" : false,
								"name" : "var1",
								"overTitle" : "Variable",
								"title" : "",
								"type" : "string"
							},
							{
								"format" : "sf:4;dp:3",
								"name" : "crossing time_pearson_estimate",
								"overTitle" : "1. crossing time",
								"title" : "Pearson's r",
								"type" : "number"
							},
							{
								"format" : "dp:3;p:.001",
								"name" : "crossing time_pearson_p.value",
								"overTitle" : "1. crossing time",
								"title" : "p-value",
								"type" : "pvalue"
							},
							{
								"format" : "sf:4;dp:3",
								"name" : "duration (Sec)_pearson_estimate",
								"overTitle" : "2. duration (Sec)",
								"title" : "Pearson's r",
								"type" : "number"
							},
							{
								"format" : "dp:3;p:.001",
								"name" : "duration (Sec)_pearson_p.value",
								"overTitle" : "2. duration (Sec)",
								"title" : "p-value",
								"type" : "pvalue"
							}
						]
					},
					"status" : "complete",
					"title" : "Pearson's Correlations"
				},
				"name" : ""
			},
			"rfile" : "",
			"status" : "complete",
			"title" : "Correlation",
			"titleDef" : "Correlation",
			"userdata" : null,
			"version" : "0.16.4"
		}
	],
	"meta" : null
}
