{
	"computedColumns" : [],
	"dataFilePath" : "/Users/maayan/Downloads/cross_per_mouse.csv",
	"dataFileReadOnly" : false,
	"dataFileTimestamp" : 1672160887,
	"dataSet" : 
	{
		"columnCount" : 3,
		"emptyValuesMap" : 
		{
			"crossing time" : {},
			"duration (Sec)" : {},
			"id" : {}
		},
		"fields" : 
		[
			{
				"measureType" : "NominalText",
				"name" : "id",
				"type" : "integer"
			},
			{
				"measureType" : "Continuous",
				"name" : "crossing time",
				"type" : "number"
			},
			{
				"measureType" : "Continuous",
				"name" : "duration (Sec)",
				"type" : "number"
			}
		],
		"filterVector" : 
		[
			true,
			true,
			true,
			true,
			true,
			true,
			true,
			true,
			true,
			true,
			true,
			true,
			true,
			true,
			true,
			true,
			true,
			true,
			true
		],
		"rowCount" : 19
	},
	"database" : null,
	"emptyValues" : 
	[
		"NaN",
		"nan",
		".",
		"NA"
	],
	"filterConstructorJSON" : "{\"formulas\":[]}",
	"filterData" : "# Add filters using R syntax here, see question mark for help.\n\ngeneratedFilter # by default: pass the non-R filter(s)"
}
