{
	"analyses" : 
	[
		{
			"dynamicModule" : 
			{
				"analysisEntry" : "TTestIndependentSamples",
				"moduleMaintainer" : "JASP Team <info@jasp-stats.org>",
				"moduleName" : "jaspTTests",
				"moduleVersion" : "0.16.4",
				"moduleWebsite" : "jasp-stats.org"
			},
			"id" : 0,
			"name" : "TTestIndependentSamples",
			"options" : 
			{
				".meta" : 
				{
					"groupingVariable" : 
					{
						"shouldEncode" : true
					},
					"variables" : 
					{
						"shouldEncode" : true
					}
				},
				"VovkSellkeMPR" : false,
				"descriptives" : true,
				"descriptivesBarPlots" : false,
				"descriptivesBarPlotsConfidenceInterval" : 0.94999999999999996,
				"descriptivesBarPlotsZeroFix" : true,
				"descriptivesEffectSizeConfidenceIntervalPercent" : 0.94999999999999996,
				"descriptivesMeanDiffConfidenceIntervalPercent" : 0.94999999999999996,
				"descriptivesPlots" : true,
				"descriptivesPlotsConfidenceInterval" : 0.94999999999999996,
				"descriptivesPlotsRainCloud" : false,
				"descriptivesPlotsRainCloudHorizontalDisplay" : false,
				"effSizeConfidenceIntervalCheckbox" : false,
				"effectSize" : false,
				"effectSizesType" : "cohensD",
				"equalityOfVarianceType" : "brownForsythe",
				"equalityOfVariancesTests" : false,
				"errorBarType" : "confidenceInterval",
				"groupingVariable" : "Year",
				"hypothesis" : "groupsNotEqual",
				"mannWhitneyU" : false,
				"meanDiffConfidenceIntervalCheckbox" : false,
				"meanDifference" : false,
				"missingValues" : "excludeAnalysisByAnalysis",
				"normalityTests" : false,
				"plotHeight" : 300,
				"plotWidth" : 350,
				"students" : true,
				"variables" : 
				[
					"Average of End Speed (RPM)"
				],
				"welchs" : false
			},
			"progress" : null,
			"rSources" : {},
			"results" : 
			{
				".meta" : 
				[
					{
						"info" : "",
						"name" : "ttest",
						"title" : "Independent Samples T-Test",
						"type" : "table"
					},
					{
						"info" : "",
						"meta" : 
						[
							{
								"info" : "",
								"name" : "ttestDescriptives_table",
								"title" : "Group Descriptives",
								"type" : "table"
							},
							{
								"info" : "",
								"meta" : 
								[
									{
										"info" : "",
										"name" : "ttestDescriptives_plots_Average of End Speed (RPM)",
										"title" : "Average of End Speed (RPM)",
										"type" : "image"
									}
								],
								"name" : "ttestDescriptives_plots",
								"title" : "Descriptives Plots",
								"type" : "collection"
							}
						],
						"name" : "ttestDescriptives",
						"title" : "Descriptives",
						"type" : "collection"
					}
				],
				"citation" : 
				[
					"JASP Team (2022). JASP (Version 0.16.4) [Computer software]."
				],
				"name" : "",
				"ttest" : 
				{
					"casesAcrossColumns" : false,
					"data" : 
					[
						{
							".isNewGroup" : false,
							"df" : 20.0,
							"p" : 0.73013539611556655,
							"t" : -0.34981353802523146,
							"v" : "Average of End Speed (RPM)"
						}
					],
					"footnotes" : 
					[
						{
							"cols" : null,
							"myOrder" : 0,
							"rows" : null,
							"symbol" : "<em>Note.</em>",
							"text" : "Student's t-test."
						}
					],
					"name" : "ttest",
					"overTitle" : false,
					"schema" : 
					{
						"fields" : 
						[
							{
								"combine" : true,
								"name" : "v",
								"title" : " ",
								"type" : "string"
							},
							{
								"format" : "sf:4;dp:3",
								"name" : "t",
								"title" : "t",
								"type" : "number"
							},
							{
								"name" : "df",
								"title" : "df",
								"type" : "integer"
							},
							{
								"format" : "dp:3;p:.001",
								"name" : "p",
								"title" : "p",
								"type" : "pvalue"
							}
						]
					},
					"status" : "complete",
					"title" : "Independent Samples T-Test"
				},
				"ttestDescriptives" : 
				{
					"collection" : 
					{
						"ttestDescriptives_plots" : 
						{
							"collection" : 
							{
								"ttestDescriptives_plots_Average of End Speed (RPM)" : 
								{
									"aspectRatio" : 0.0,
									"convertible" : true,
									"data" : "resources/0/_1_t1671396377536.png",
									"editOptions" : 
									{
										"error" : "success",
										"xAxis" : 
										{
											"settings" : 
											{
												"labels" : 
												[
													"2021",
													"2022"
												],
												"title" : "Year",
												"titleType" : "character"
											},
											"type" : "ScaleDiscrete"
										},
										"yAxis" : 
										{
											"settings" : 
											{
												"breaks" : 
												[
													16,
													26
												],
												"breaksType" : "range",
												"expand" : 
												[
													0.050000000000000003,
													0,
													0.050000000000000003,
													0
												],
												"labels" : 
												[
													"16",
													"26"
												],
												"limits" : 
												[
													16,
													26
												],
												"limitsType" : "data",
												"range" : 
												[
													16,
													26,
													10
												],
												"title" : "Average of End Speed (RPM)",
												"titleType" : "character"
											},
											"type" : "ScaleContinuous"
										}
									},
									"editable" : false,
									"errorType" : "fatalError",
									"height" : 320,
									"name" : "ttestDescriptives_plots_Average of End Speed (RPM)",
									"reasonNotEditable" : "unknown reason",
									"revision" : 0,
									"status" : "complete",
									"title" : "Average of End Speed (RPM)",
									"width" : 480
								}
							},
							"initCollapsed" : false,
							"name" : "ttestDescriptives_plots",
							"title" : "Descriptives Plots"
						},
						"ttestDescriptives_table" : 
						{
							"casesAcrossColumns" : false,
							"data" : 
							[
								{
									".isNewGroup" : true,
									"N" : 15,
									"coefOfVariation" : 0.20165821390881455,
									"group" : "2021",
									"mean" : 20.396666666666668,
									"sd" : 4.1131553696934544,
									"se" : 1.062012149812424,
									"variable" : "Average of End Speed (RPM)"
								},
								{
									".isNewGroup" : false,
									"N" : 7,
									"coefOfVariation" : 0.21020461803244503,
									"group" : "2022",
									"mean" : 21.070857142857143,
									"sd" : 4.4291914773305017,
									"se" : 1.6740770225861836,
									"variable" : "Average of End Speed (RPM)"
								}
							],
							"footnotes" : [],
							"name" : "ttestDescriptives_table",
							"overTitle" : false,
							"schema" : 
							{
								"fields" : 
								[
									{
										"combine" : true,
										"name" : "variable",
										"title" : "",
										"type" : "string"
									},
									{
										"name" : "group",
										"title" : "Group",
										"type" : "string"
									},
									{
										"name" : "N",
										"title" : "N",
										"type" : "integer"
									},
									{
										"format" : "sf:4;dp:3",
										"name" : "mean",
										"title" : "Mean",
										"type" : "number"
									},
									{
										"format" : "sf:4;dp:3",
										"name" : "sd",
										"title" : "SD",
										"type" : "number"
									},
									{
										"format" : "sf:4;dp:3",
										"name" : "se",
										"title" : "SE",
										"type" : "number"
									},
									{
										"format" : "sf:4;dp:3",
										"name" : "coefOfVariation",
										"title" : "Coefficient of variation",
										"type" : "number"
									}
								]
							},
							"status" : "complete",
							"title" : "Group Descriptives"
						}
					},
					"initCollapsed" : false,
					"name" : "ttestDescriptives",
					"title" : "Descriptives"
				}
			},
			"rfile" : "",
			"status" : "complete",
			"title" : "Independent Samples T-Test",
			"titleDef" : "Independent Samples T-Test",
			"userdata" : null,
			"version" : "0.16.4"
		},
		{
			"dynamicModule" : 
			{
				"analysisEntry" : "Descriptives",
				"moduleMaintainer" : "JASP Team <jasp-stats.org>",
				"moduleName" : "jaspDescriptives",
				"moduleVersion" : "0.16.4",
				"moduleWebsite" : "jasp-stats.org"
			},
			"id" : 1,
			"name" : "Descriptives",
			"options" : 
			{
				".meta" : 
				{
					"densityPlotSeparate" : 
					{
						"shouldEncode" : true
					},
					"heatmapHorizontal" : 
					{
						"shouldEncode" : true
					},
					"heatmapVertical" : 
					{
						"shouldEncode" : true
					},
					"splitby" : 
					{
						"shouldEncode" : true
					},
					"variables" : 
					{
						"shouldEncode" : true
					}
				},
				"addSmooth" : true,
				"addSmoothCI" : true,
				"addSmoothCIValue" : 0.94999999999999996,
				"binWidthType" : "sturges",
				"cOfVariation" : false,
				"chartType" : "_1noCharts",
				"chartValues" : "_1frequencies",
				"colorPalette" : "colorblind",
				"densityPlotSeparate" : "",
				"descriptivesDensityPlot" : false,
				"descriptivesDotPlot" : false,
				"descriptivesIntervalPlot" : false,
				"descriptivesLikertPlot" : false,
				"descriptivesParetoPlot" : false,
				"descriptivesPiechart" : false,
				"descriptivesQQPlot" : false,
				"distPlotDensity" : false,
				"distPlotRug" : false,
				"frequencyTables" : false,
				"frequencyTablesMaximumAmount" : 10,
				"graphTypeAbove" : "density",
				"graphTypeRight" : "density",
				"heatmapHorizontal" : "",
				"heatmapLegend" : false,
				"heatmapPlotValue" : false,
				"heatmapPlotValueSize" : 1.0,
				"heatmapRectangleRatio" : 1.0,
				"heatmapStatisticContinuous" : "mean",
				"heatmapStatisticDiscrete" : "mode",
				"heatmapVertical" : "",
				"iqr" : false,
				"kurtosis" : false,
				"likertPlotEqualLevel" : false,
				"likertPlotFontSize" : "normal",
				"mad" : false,
				"madrobust" : false,
				"maximum" : true,
				"mean" : true,
				"median" : false,
				"minimum" : true,
				"missing" : true,
				"mode" : false,
				"numberOfBins" : 30.0,
				"paretoPlotRule" : false,
				"paretoPlotRuleField" : 0.94999999999999996,
				"percentileValuesEqualGroups" : false,
				"percentileValuesEqualGroupsNo" : 4,
				"percentileValuesPercentiles" : false,
				"percentileValuesPercentilesPercentiles" : [],
				"percentileValuesQuartiles" : false,
				"plotCorrelationMatrix" : false,
				"plotHeight" : 320,
				"plotVariables" : true,
				"plotWidth" : 480,
				"range" : false,
				"regressionType" : "smooth",
				"scatterPlot" : false,
				"shapiro" : false,
				"showLegend" : true,
				"skewness" : false,
				"splitPlotBoxplot" : true,
				"splitPlotColour" : false,
				"splitPlotJitter" : false,
				"splitPlotOutlierLabel" : false,
				"splitPlotViolin" : false,
				"splitPlots" : false,
				"splitby" : "",
				"standardDeviation" : true,
				"standardErrorMean" : false,
				"statisticsValuesAreGroupMidpoints" : false,
				"stemAndLeaf" : false,
				"stemAndLeafScale" : 1.0,
				"sum" : false,
				"transparency" : 20.0,
				"transposeMainTable" : false,
				"valid" : true,
				"variables" : [],
				"variance" : false
			},
			"progress" : null,
			"rSources" : {},
			"results" : 
			{
				".meta" : 
				[
					{
						"info" : "",
						"name" : "stats",
						"title" : "Descriptive Statistics",
						"type" : "table"
					},
					{
						"info" : "",
						"meta" : [],
						"name" : "distributionPlots",
						"title" : "Distribution Plots",
						"type" : "collection"
					}
				],
				"citation" : 
				[
					"JASP Team (2022). JASP (Version 0.16.4) [Computer software]."
				],
				"distributionPlots" : 
				{
					"collection" : {},
					"initCollapsed" : false,
					"name" : "distributionPlots",
					"title" : "Distribution Plots"
				},
				"name" : "",
				"stats" : 
				{
					"casesAcrossColumns" : true,
					"data" : [],
					"footnotes" : [],
					"name" : "stats",
					"overTitle" : false,
					"schema" : 
					{
						"fields" : 
						[
							{
								"name" : "Variable",
								"title" : "",
								"type" : "string"
							},
							{
								"name" : "Valid",
								"title" : "Valid",
								"type" : "integer"
							},
							{
								"name" : "Missing",
								"title" : "Missing",
								"type" : "integer"
							},
							{
								"format" : "sf:4;dp:3",
								"name" : "Mean",
								"title" : "Mean",
								"type" : "number"
							},
							{
								"format" : "sf:4;dp:3",
								"name" : "Std. Deviation",
								"title" : "Std. Deviation",
								"type" : "number"
							},
							{
								"format" : "sf:4;dp:3",
								"name" : "Minimum",
								"title" : "Minimum",
								"type" : "number"
							},
							{
								"format" : "sf:4;dp:3",
								"name" : "Maximum",
								"title" : "Maximum",
								"type" : "number"
							}
						]
					},
					"status" : "complete",
					"title" : "Descriptive Statistics"
				}
			},
			"rfile" : "",
			"status" : "complete",
			"title" : "Descriptive Statistics",
			"titleDef" : "Descriptive Statistics",
			"userdata" : null,
			"version" : "0.16.4"
		}
	],
	"meta" : 
	{
		"notes" : 
		{
			"first" : 
			{
				"delta" : 
				{
					"ops" : 
					[
						{
							"insert" : "\n"
						}
					]
				},
				"deltaAvailable" : true,
				"format" : "html",
				"text" : "<p><br></p>",
				"visible" : false
			}
		},
		"title" : "Rotarod Data per Animal"
	}
}
