{
	"computedColumns" : [],
	"dataFilePath" : "/Users/maayan/Downloads/rotarod_id_grouped.csv",
	"dataFileReadOnly" : false,
	"dataFileTimestamp" : 1671388947,
	"dataSet" : 
	{
		"columnCount" : 4,
		"emptyValuesMap" : 
		{
			"Average of Duration(sec)" : {},
			"Average of End Speed (RPM)" : {},
			"Row Labels" : {},
			"Year" : {}
		},
		"fields" : 
		[
			{
				"measureType" : "NominalText",
				"name" : "Row Labels",
				"type" : "integer"
			},
			{
				"measureType" : "Continuous",
				"name" : "Average of Duration(sec)",
				"type" : "number"
			},
			{
				"measureType" : "Continuous",
				"name" : "Average of End Speed (RPM)",
				"type" : "number"
			},
			{
				"measureType" : "Nominal",
				"name" : "Year",
				"type" : "integer"
			}
		],
		"filterVector" : 
		[
			true,
			true,
			true,
			true,
			true,
			true,
			true,
			true,
			true,
			true,
			true,
			true,
			true,
			true,
			true,
			true,
			true,
			true,
			true,
			true,
			true,
			true
		],
		"rowCount" : 22
	},
	"database" : null,
	"emptyValues" : 
	[
		"NaN",
		"nan",
		".",
		"NA"
	],
	"filterConstructorJSON" : "{\"formulas\":[]}",
	"filterData" : "# Add filters using R syntax here, see question mark for help.\n\ngeneratedFilter # by default: pass the non-R filter(s)"
}
