{
	"Row Labels" : 
	{
		"labels" : 
		[
			[
				1,
				"12-C1_green",
				true
			],
			[
				2,
				"12-C1_red",
				true
			],
			[
				3,
				"12-C1_white",
				true
			],
			[
				4,
				"12-C2_blue",
				true
			],
			[
				5,
				"12-C2_green",
				true
			],
			[
				6,
				"12-C2_red",
				true
			],
			[
				7,
				"12-C2_white",
				true
			],
			[
				8,
				"14-c1-green",
				true
			],
			[
				9,
				"14-c1-red",
				true
			],
			[
				10,
				"14-c1-white",
				true
			],
			[
				11,
				"17-c1_green",
				true
			],
			[
				12,
				"17-c2-red",
				true
			],
			[
				13,
				"17-c2-white",
				true
			],
			[
				14,
				"21-c1-Green",
				true
			],
			[
				15,
				"21-c1-Red",
				true
			],
			[
				16,
				"21-c1-White",
				true
			],
			[
				17,
				"21-c2-Green",
				true
			],
			[
				18,
				"21-c2-Red",
				true
			],
			[
				19,
				"24-c1-green",
				true
			],
			[
				20,
				"24-c1-red",
				true
			],
			[
				21,
				"24-c2-green",
				true
			],
			[
				22,
				"24-c2-white",
				true
			]
		],
		"orgStringValues" : null
	},
	"Year" : 
	{
		"labels" : 
		[
			[
				2021,
				"2021",
				true
			],
			[
				2022,
				"2022",
				true
			]
		],
		"orgStringValues" : null
	}
}
