{
	"analyses" : 
	[
		{
			"dynamicModule" : 
			{
				"analysisEntry" : "Anova",
				"moduleMaintainer" : "JASP Team <info@jasp-stats.org>",
				"moduleName" : "jaspAnova",
				"moduleVersion" : "0.16.4",
				"moduleWebsite" : "jasp-stats.org"
			},
			"id" : 3,
			"name" : "Anova",
			"options" : 
			{
				".meta" : 
				{
					"contrasts" : 
					{
						"shouldEncode" : true
					},
					"customContrasts" : 
					{
						"shouldEncode" : true
					},
					"dependent" : 
					{
						"shouldEncode" : true
					},
					"fixedFactors" : 
					{
						"shouldEncode" : true
					},
					"kruskalVariablesAssigned" : 
					{
						"shouldEncode" : true
					},
					"marginalMeansTerms" : 
					{
						"shouldEncode" : true
					},
					"modelTerms" : 
					{
						"shouldEncode" : true
					},
					"moderatorFactorOne" : 
					{
						"shouldEncode" : true
					},
					"moderatorFactorTwo" : 
					{
						"shouldEncode" : true
					},
					"plotHorizontalAxis" : 
					{
						"shouldEncode" : true
					},
					"plotSeparateLines" : 
					{
						"shouldEncode" : true
					},
					"plotSeparatePlots" : 
					{
						"shouldEncode" : true
					},
					"postHocTestsVariables" : 
					{
						"shouldEncode" : true
					},
					"rainCloudPlotsHorizontalAxis" : 
					{
						"shouldEncode" : true
					},
					"rainCloudPlotsSeparatePlots" : 
					{
						"shouldEncode" : true
					},
					"restrictedModelMarginalMeansTerms" : 
					{
						"shouldEncode" : true
					},
					"simpleFactor" : 
					{
						"shouldEncode" : true
					},
					"wlsWeights" : 
					{
						"shouldEncode" : true
					}
				},
				"VovkSellkeMPR" : false,
				"confidenceIntervalInterval" : 0.94999999999999996,
				"confidenceIntervalIntervalContrast" : 0.94999999999999996,
				"confidenceIntervalIntervalPostHoc" : 0.94999999999999996,
				"confidenceIntervalsContrast" : false,
				"confidenceIntervalsPostHoc" : false,
				"contrasts" : 
				[
					{
						"contrast" : "none",
						"variable" : 
						[
							"RoundNumber"
						]
					},
					{
						"contrast" : "none",
						"variable" : 
						[
							"Year"
						]
					},
					{
						"contrast" : "none",
						"variable" : 
						[
							"RoundNumber",
							"Year"
						]
					}
				],
				"customContrasts" : [],
				"dependent" : "Duration(sec)",
				"descriptives" : false,
				"effectSizeEstimates" : true,
				"effectSizeEtaSquared" : false,
				"effectSizeOmegaSquared" : false,
				"effectSizePartialEtaSquared" : true,
				"errorBarType" : "confidenceInterval",
				"fixedFactors" : 
				[
					"RoundNumber",
					"Year"
				],
				"homogeneityBrown" : false,
				"homogeneityNone" : true,
				"homogeneityTests" : true,
				"homogeneityWelch" : false,
				"kruskalVariablesAssigned" : [],
				"marginalMeansBootstrapping" : false,
				"marginalMeansBootstrappingReplicates" : 1000,
				"marginalMeansCIAdjustment" : "none",
				"marginalMeansCompareMainEffects" : false,
				"marginalMeansTerms" : [],
				"modelTerms" : 
				[
					{
						"components" : 
						[
							"RoundNumber"
						]
					},
					{
						"components" : 
						[
							"Year"
						]
					},
					{
						"components" : 
						[
							"RoundNumber",
							"Year"
						]
					}
				],
				"moderatorFactorOne" : "",
				"moderatorFactorTwo" : "",
				"plotErrorBars" : false,
				"plotHeight" : 320,
				"plotHeightDescriptivesPlotLegend" : 300,
				"plotHeightDescriptivesPlotNoLegend" : 300,
				"plotHeightQQPlot" : 300,
				"plotHorizontalAxis" : "RoundNumber",
				"plotSeparateLines" : "",
				"plotSeparatePlots" : "",
				"plotWidth" : 480,
				"plotWidthDescriptivesPlotLegend" : 430,
				"plotWidthDescriptivesPlotNoLegend" : 350,
				"plotWidthQQPlot" : 300,
				"postHocFlagSignificant" : false,
				"postHocTestEffectSize" : true,
				"postHocTestsBonferroni" : false,
				"postHocTestsBootstrapping" : false,
				"postHocTestsBootstrappingReplicates" : 1000,
				"postHocTestsHolm" : false,
				"postHocTestsScheffe" : false,
				"postHocTestsSidak" : false,
				"postHocTestsTukey" : true,
				"postHocTestsTypeDunn" : false,
				"postHocTestsTypeDunnett" : false,
				"postHocTestsTypeGames" : false,
				"postHocTestsTypeStandard" : true,
				"postHocTestsVariables" : 
				[
					{
						"variable" : 
						[
							"RoundNumber"
						]
					}
				],
				"qqPlot" : false,
				"rainCloudPlotsHorizontalAxis" : "",
				"rainCloudPlotsHorizontalDisplay" : false,
				"rainCloudPlotsLabelYAxis" : "",
				"rainCloudPlotsSeparatePlots" : "",
				"randomFactors" : [],
				"restrictedBootstrapping" : false,
				"restrictedBootstrappingConfidenceIntervalLevel" : 0.94999999999999996,
				"restrictedBootstrappingReplicates" : 1000,
				"restrictedIncludeIntercept" : false,
				"restrictedInformedHypothesisTestByDefault" : false,
				"restrictedMarginalMeansByDefault" : false,
				"restrictedModelComparison" : "complement",
				"restrictedModelComparisonCoefficients" : false,
				"restrictedModelComparisonHighlightCoefficients" : true,
				"restrictedModelComparisonMatrix" : false,
				"restrictedModelComparisonReference" : "complement",
				"restrictedModelComparisonWeights" : true,
				"restrictedModelMarginalMeansTerms" : [],
				"restrictedModelShowAvailableCoefficients" : false,
				"restrictedModelSummaryByDefault" : false,
				"restrictedModels" : 
				[
					{
						"informedHypothesisTest" : false,
						"marginalMeans" : false,
						"modelName" : "Model 1",
						"modelSummary" : false,
						"restrictionSyntax" : ""
					}
				],
				"restrictedSE" : "standard",
				"simpleFactor" : "",
				"sumOfSquares" : "type3",
				"wlsWeights" : ""
			},
			"progress" : null,
			"rSources" : {},
			"results" : 
			{
				".meta" : 
				[
					{
						"info" : "",
						"meta" : 
						[
							{
								"info" : "",
								"name" : "anovaContainer_anovaTable",
								"title" : "ANOVA - Duration(sec)",
								"type" : "table"
							},
							{
								"info" : "",
								"meta" : 
								[
									{
										"info" : "",
										"meta" : 
										[
											{
												"info" : "",
												"name" : "anovaContainer_descriptivesContainer_containerDescriptivesPlots_",
												"title" : "",
												"type" : "image"
											}
										],
										"name" : "anovaContainer_descriptivesContainer_containerDescriptivesPlots",
										"title" : "Descriptives plots",
										"type" : "collection"
									}
								],
								"name" : "anovaContainer_descriptivesContainer",
								"title" : "Descriptives",
								"type" : "collection"
							},
							{
								"info" : "",
								"meta" : 
								[
									{
										"info" : "",
										"name" : "anovaContainer_assumptionsContainer_leveneTable",
										"title" : "Test for Equality of Variances (Levene's)",
										"type" : "table"
									}
								],
								"name" : "anovaContainer_assumptionsContainer",
								"title" : "Assumption Checks",
								"type" : "collection"
							},
							{
								"info" : "",
								"meta" : 
								[
									{
										"info" : "",
										"meta" : [],
										"name" : "anovaContainer_ordinalRestrictions_basicInfoContainer",
										"title" : "Syntax information",
										"type" : "collection"
									}
								],
								"name" : "anovaContainer_ordinalRestrictions",
								"title" : "Order Restricted Hypotheses",
								"type" : "collection"
							},
							{
								"info" : "",
								"meta" : 
								[
									{
										"info" : "",
										"meta" : 
										[
											{
												"info" : "",
												"name" : "anovaContainer_postHocContainer_postHocStandardContainer_RoundNumber",
												"title" : "Post Hoc Comparisons - RoundNumber",
												"type" : "table"
											}
										],
										"name" : "anovaContainer_postHocContainer_postHocStandardContainer",
										"title" : "Standard",
										"type" : "collection"
									}
								],
								"name" : "anovaContainer_postHocContainer",
								"title" : "Post Hoc Tests",
								"type" : "collection"
							}
						],
						"name" : "anovaContainer",
						"title" : "",
						"type" : "collection"
					}
				],
				"anovaContainer" : 
				{
					"collection" : 
					{
						"anovaContainer_anovaTable" : 
						{
							"casesAcrossColumns" : false,
							"data" : 
							[
								{
									".isNewGroup" : true,
									"Df" : 4.0,
									"F value" : 2.799766839575732,
									"Mean Sq" : 5953.95594984731,
									"Pr(>F)" : 0.027685313678937826,
									"Sum Sq" : 23815.82379938924,
									"cases" : "RoundNumber",
									"etaPart" : 0.063200487029979741
								},
								{
									".isNewGroup" : false,
									"Df" : 1.0,
									"F value" : 1.3591228044056933,
									"Mean Sq" : 2890.296860966715,
									"Pr(>F)" : 0.24536188380485704,
									"Sum Sq" : 2890.296860966715,
									"cases" : "Year",
									"etaPart" : 0.0081209962243535064
								},
								{
									".isNewGroup" : false,
									"Df" : 4.0,
									"F value" : 0.073478624323473601,
									"Mean Sq" : 156.25890209616045,
									"Pr(>F)" : 0.99010802867772219,
									"Sum Sq" : 625.03560838464182,
									"cases" : "RoundNumber \u273b Year",
									"etaPart" : 0.0017674398860739867
								},
								{
									".isNewGroup" : true,
									"Df" : 166.0,
									"F value" : "",
									"Mean Sq" : 2126.5899237343469,
									"Pr(>F)" : "",
									"Sum Sq" : 353013.92733990157,
									"cases" : "Residuals",
									"etaPart" : ""
								}
							],
							"footnotes" : 
							[
								{
									"cols" : null,
									"myOrder" : 0,
									"rows" : null,
									"symbol" : "<em>Note.</em>",
									"text" : "Type III Sum of Squares"
								}
							],
							"name" : "anovaContainer_anovaTable",
							"overTitle" : false,
							"schema" : 
							{
								"fields" : 
								[
									{
										"name" : "cases",
										"title" : "Cases",
										"type" : "string"
									},
									{
										"format" : "sf:4;dp:3",
										"name" : "Sum Sq",
										"title" : "Sum of Squares",
										"type" : "number"
									},
									{
										"name" : "Df",
										"title" : "df",
										"type" : "integer"
									},
									{
										"format" : "sf:4;dp:3",
										"name" : "Mean Sq",
										"title" : "Mean Square",
										"type" : "number"
									},
									{
										"format" : "sf:4;dp:3",
										"name" : "F value",
										"title" : "F",
										"type" : "number"
									},
									{
										"format" : "dp:3;p:.001",
										"name" : "Pr(>F)",
										"title" : "p",
										"type" : "pvalue"
									},
									{
										"format" : "sf:4;dp:3",
										"name" : "etaPart",
										"title" : "\u03b7\u00b2\u209a",
										"type" : "number"
									}
								]
							},
							"status" : "complete",
							"title" : "ANOVA - Duration(sec)"
						},
						"anovaContainer_assumptionsContainer" : 
						{
							"collection" : 
							{
								"anovaContainer_assumptionsContainer_leveneTable" : 
								{
									"casesAcrossColumns" : false,
									"data" : 
									[
										{
											"F" : 1.1234383954234177,
											"df1" : 9.0,
											"df2" : 166.0,
											"p" : 0.34888607121965481
										}
									],
									"footnotes" : [],
									"name" : "anovaContainer_assumptionsContainer_leveneTable",
									"overTitle" : false,
									"schema" : 
									{
										"fields" : 
										[
											{
												"format" : "sf:4;dp:3",
												"name" : "F",
												"title" : "F",
												"type" : "number"
											},
											{
												"format" : "sf:4;dp:3",
												"name" : "df1",
												"title" : "df1",
												"type" : "number"
											},
											{
												"format" : "sf:4;dp:3",
												"name" : "df2",
												"title" : "df2",
												"type" : "number"
											},
											{
												"format" : "dp:3;p:.001",
												"name" : "p",
												"title" : "p",
												"type" : "pvalue"
											}
										]
									},
									"status" : "complete",
									"title" : "Test for Equality of Variances (Levene's)"
								}
							},
							"initCollapsed" : false,
							"name" : "anovaContainer_assumptionsContainer",
							"title" : "Assumption Checks"
						},
						"anovaContainer_descriptivesContainer" : 
						{
							"collection" : 
							{
								"anovaContainer_descriptivesContainer_containerDescriptivesPlots" : 
								{
									"collection" : 
									{
										"anovaContainer_descriptivesContainer_containerDescriptivesPlots_" : 
										{
											"aspectRatio" : 0.0,
											"convertible" : true,
											"data" : "resources/3/_145_t1671445253871.png",
											"editOptions" : 
											{
												"error" : "success",
												"xAxis" : 
												{
													"settings" : 
													{
														"labels" : 
														[
															"1",
															"2",
															"3",
															"4",
															"5"
														],
														"title" : "RoundNumber",
														"titleType" : "character"
													},
													"type" : "ScaleDiscrete"
												},
												"yAxis" : 
												{
													"settings" : 
													{
														"breaks" : 
														[
															110,
															120,
															130,
															140,
															150,
															160,
															170
														],
														"breaksType" : "range",
														"expand" : 
														[
															0.050000000000000003,
															0,
															0.050000000000000003,
															0
														],
														"labels" : 
														[
															"110",
															"120",
															"130",
															"140",
															"150",
															"160",
															"170"
														],
														"limits" : 
														[
															110,
															170
														],
														"limitsType" : "breaks",
														"range" : 
														[
															110,
															170,
															10
														],
														"title" : "Duration(sec)",
														"titleType" : "character"
													},
													"type" : "ScaleContinuous"
												}
											},
											"editable" : false,
											"errorType" : "fatalError",
											"height" : 300,
											"name" : "anovaContainer_descriptivesContainer_containerDescriptivesPlots_",
											"reasonNotEditable" : "unknown reason",
											"revision" : 0,
											"status" : "complete",
											"title" : "",
											"width" : 300
										}
									},
									"initCollapsed" : false,
									"name" : "anovaContainer_descriptivesContainer_containerDescriptivesPlots",
									"title" : "Descriptives plots"
								}
							},
							"initCollapsed" : false,
							"name" : "anovaContainer_descriptivesContainer",
							"title" : "Descriptives"
						},
						"anovaContainer_ordinalRestrictions" : 
						{
							"collection" : 
							{
								"anovaContainer_ordinalRestrictions_basicInfoContainer" : 
								{
									"collection" : {},
									"initCollapsed" : false,
									"name" : "anovaContainer_ordinalRestrictions_basicInfoContainer",
									"title" : "Syntax information"
								}
							},
							"initCollapsed" : false,
							"name" : "anovaContainer_ordinalRestrictions",
							"title" : "Order Restricted Hypotheses"
						},
						"anovaContainer_postHocContainer" : 
						{
							"collection" : 
							{
								"anovaContainer_postHocContainer_postHocStandardContainer" : 
								{
									"collection" : 
									{
										"anovaContainer_postHocContainer_postHocStandardContainer_RoundNumber" : 
										{
											"casesAcrossColumns" : false,
											"data" : 
											[
												{
													".isNewGroup" : true,
													"SE" : 13.755702892124866,
													"cohenD" : -0.34595750010065229,
													"contrast_A" : "1",
													"contrast_B" : "2",
													"estimate" : -15.953817733990242,
													"t.ratio" : -1.1597966210162765,
													"tukey" : 0.7741451981143731
												},
												{
													".isNewGroup" : false,
													"SE" : 13.755702892124869,
													"cohenD" : -0.68943138080191879,
													"contrast_A" : "1",
													"contrast_B" : "3",
													"estimate" : -31.793103448275932,
													"t.ratio" : -2.3112670939176407,
													"tukey" : 0.14646771981890805
												},
												{
													".isNewGroup" : false,
													"SE" : 13.755702892124857,
													"cohenD" : -0.69601430748953907,
													"contrast_A" : "1",
													"contrast_B" : "4",
													"estimate" : -32.096674876847345,
													"t.ratio" : -2.3333358628458529,
													"tukey" : 0.1396236406079171
												},
												{
													".isNewGroup" : false,
													"SE" : 13.755702892124873,
													"cohenD" : -0.89117872222847927,
													"contrast_A" : "1",
													"contrast_B" : "5",
													"estimate" : -41.096674876847459,
													"t.ratio" : -2.98760995342341,
													"tukey" : 0.026494604257922161
												},
												{
													".isNewGroup" : false,
													"SE" : 13.77948113440503,
													"cohenD" : -0.3434738807012665,
													"contrast_A" : "2",
													"contrast_B" : "3",
													"estimate" : -15.83928571428569,
													"t.ratio" : -1.1494834645651264,
													"tukey" : 0.77984427629033981
												},
												{
													".isNewGroup" : false,
													"SE" : 13.77948113440501,
													"cohenD" : -0.35005680738888678,
													"contrast_A" : "2",
													"contrast_B" : "4",
													"estimate" : -16.142857142857103,
													"t.ratio" : -1.1715141510336806,
													"tukey" : 0.76759956190180878
												},
												{
													".isNewGroup" : false,
													"SE" : 13.779481134405017,
													"cohenD" : -0.54522122212782698,
													"contrast_A" : "2",
													"contrast_B" : "5",
													"estimate" : -25.142857142857224,
													"t.ratio" : -1.8246592086896358,
													"tukey" : 0.3629207229014223
												},
												{
													".isNewGroup" : false,
													"SE" : 13.779481134405012,
													"cohenD" : -0.006582926687620283,
													"contrast_A" : "3",
													"contrast_B" : "4",
													"estimate" : -0.30357142857141461,
													"t.ratio" : -0.022030686468552767,
													"tukey" : 0.99999994599949493
												},
												{
													".isNewGroup" : false,
													"SE" : 13.779481134405019,
													"cohenD" : -0.20174734142656048,
													"contrast_A" : "3",
													"contrast_B" : "5",
													"estimate" : -9.3035714285715319,
													"t.ratio" : -0.6751757441245082,
													"tukey" : 0.96152405422621801
												},
												{
													".isNewGroup" : false,
													"SE" : 13.779481134405007,
													"cohenD" : -0.1951644147389402,
													"contrast_A" : "4",
													"contrast_B" : "5",
													"estimate" : -9.0000000000001172,
													"t.ratio" : -0.6531450576559561,
													"tukey" : 0.96584791877351517
												}
											],
											"footnotes" : 
											[
												{
													"cols" : null,
													"myOrder" : 0,
													"rows" : null,
													"symbol" : "<em>Note.</em>",
													"text" : "P-value adjusted for comparing a family of 5"
												},
												{
													"cols" : null,
													"myOrder" : 0,
													"rows" : null,
													"symbol" : "<em>Note.</em>",
													"text" : "Results are averaged over the levels of: Year"
												}
											],
											"name" : "anovaContainer_postHocContainer_postHocStandardContainer_RoundNumber",
											"overTitle" : false,
											"schema" : 
											{
												"fields" : 
												[
													{
														"combine" : true,
														"name" : "contrast_A",
														"title" : " ",
														"type" : "string"
													},
													{
														"name" : "contrast_B",
														"title" : " ",
														"type" : "string"
													},
													{
														"format" : "sf:4;dp:3",
														"name" : "estimate",
														"title" : "Mean Difference",
														"type" : "number"
													},
													{
														"format" : "sf:4;dp:3",
														"name" : "SE",
														"title" : "SE",
														"type" : "number"
													},
													{
														"format" : "sf:4;dp:3",
														"name" : "t.ratio",
														"title" : "t",
														"type" : "number"
													},
													{
														"format" : "sf:4;dp:3",
														"name" : "cohenD",
														"title" : "Cohen's d",
														"type" : "number"
													},
													{
														"format" : "dp:3;p:.001",
														"name" : "tukey",
														"title" : "p<sub>tukey</sub>",
														"type" : "pvalue"
													}
												]
											},
											"status" : "complete",
											"title" : "Post Hoc Comparisons - RoundNumber"
										}
									},
									"initCollapsed" : false,
									"name" : "anovaContainer_postHocContainer_postHocStandardContainer",
									"title" : "Standard"
								}
							},
							"initCollapsed" : false,
							"name" : "anovaContainer_postHocContainer",
							"title" : "Post Hoc Tests"
						}
					},
					"initCollapsed" : false,
					"name" : "anovaContainer",
					"title" : ""
				},
				"citation" : 
				[
					"JASP Team (2022). JASP (Version 0.16.4) [Computer software]."
				],
				"name" : ""
			},
			"rfile" : "",
			"status" : "complete",
			"title" : "ANOVA",
			"titleDef" : "ANOVA",
			"userdata" : null,
			"version" : "0.16.4"
		},
		{
			"dynamicModule" : 
			{
				"analysisEntry" : "Descriptives",
				"moduleMaintainer" : "JASP Team <jasp-stats.org>",
				"moduleName" : "jaspDescriptives",
				"moduleVersion" : "0.16.4",
				"moduleWebsite" : "jasp-stats.org"
			},
			"id" : 5,
			"name" : "Descriptives",
			"options" : 
			{
				".meta" : 
				{
					"densityPlotSeparate" : 
					{
						"shouldEncode" : true
					},
					"heatmapHorizontal" : 
					{
						"shouldEncode" : true
					},
					"heatmapVertical" : 
					{
						"shouldEncode" : true
					},
					"splitby" : 
					{
						"shouldEncode" : true
					},
					"variables" : 
					{
						"shouldEncode" : true
					}
				},
				"addSmooth" : true,
				"addSmoothCI" : true,
				"addSmoothCIValue" : 0.94999999999999996,
				"binWidthType" : "manual",
				"cOfVariation" : false,
				"chartType" : "_1noCharts",
				"chartValues" : "_1frequencies",
				"colorPalette" : "colorblind",
				"densityPlotSeparate" : "",
				"descriptivesDensityPlot" : false,
				"descriptivesDotPlot" : false,
				"descriptivesIntervalPlot" : false,
				"descriptivesLikertPlot" : false,
				"descriptivesParetoPlot" : false,
				"descriptivesPiechart" : false,
				"descriptivesQQPlot" : false,
				"distPlotDensity" : false,
				"distPlotRug" : false,
				"frequencyTables" : false,
				"frequencyTablesMaximumAmount" : 10,
				"graphTypeAbove" : "histogram",
				"graphTypeRight" : "histogram",
				"heatmapHorizontal" : "",
				"heatmapLegend" : false,
				"heatmapPlotValue" : false,
				"heatmapPlotValueSize" : 1.0,
				"heatmapRectangleRatio" : 1.0,
				"heatmapStatisticContinuous" : "mean",
				"heatmapStatisticDiscrete" : "mode",
				"heatmapVertical" : "",
				"iqr" : false,
				"kurtosis" : false,
				"likertPlotEqualLevel" : false,
				"likertPlotFontSize" : "normal",
				"mad" : false,
				"madrobust" : false,
				"maximum" : true,
				"mean" : true,
				"median" : false,
				"minimum" : true,
				"missing" : false,
				"mode" : false,
				"numberOfBins" : 10.0,
				"paretoPlotRule" : false,
				"paretoPlotRuleField" : 0.94999999999999996,
				"percentileValuesEqualGroups" : false,
				"percentileValuesEqualGroupsNo" : 4,
				"percentileValuesPercentiles" : false,
				"percentileValuesPercentilesPercentiles" : [],
				"percentileValuesQuartiles" : false,
				"plotCorrelationMatrix" : false,
				"plotHeight" : 320,
				"plotVariables" : false,
				"plotWidth" : 480,
				"range" : false,
				"regressionType" : "smooth",
				"scatterPlot" : false,
				"shapiro" : false,
				"showLegend" : true,
				"skewness" : false,
				"splitPlotBoxplot" : false,
				"splitPlotColour" : true,
				"splitPlotJitter" : true,
				"splitPlotOutlierLabel" : false,
				"splitPlotViolin" : false,
				"splitPlots" : true,
				"splitby" : "RoundNumber",
				"standardDeviation" : true,
				"standardErrorMean" : false,
				"statisticsValuesAreGroupMidpoints" : false,
				"stemAndLeaf" : false,
				"stemAndLeafScale" : 1.0,
				"sum" : false,
				"transparency" : 20.0,
				"transposeMainTable" : true,
				"valid" : false,
				"variables" : 
				[
					"Duration(sec)",
					"Subject ID"
				],
				"variance" : false
			},
			"progress" : null,
			"rSources" : {},
			"results" : 
			{
				".meta" : 
				[
					{
						"info" : "",
						"name" : "stats",
						"title" : "Descriptive Statistics",
						"type" : "table"
					},
					{
						"info" : "",
						"meta" : 
						[
							{
								"info" : "",
								"name" : "splitPlots_Duration(sec)",
								"title" : "Duration(sec)",
								"type" : "image"
							}
						],
						"name" : "splitPlots",
						"title" : "Boxplots",
						"type" : "collection"
					}
				],
				"citation" : 
				[
					"JASP Team (2022). JASP (Version 0.16.4) [Computer software]."
				],
				"name" : "",
				"splitPlots" : 
				{
					"collection" : 
					{
						"splitPlots_Duration(sec)" : 
						{
							"aspectRatio" : 0.0,
							"convertible" : true,
							"data" : "resources/5/_143_t1671399980354.png",
							"editOptions" : 
							{
								"error" : "success",
								"xAxis" : 
								{
									"settings" : 
									{
										"labels" : 
										[
											"1",
											"2",
											"3",
											"4",
											"5"
										],
										"title" : "RoundNumber",
										"titleType" : "character"
									},
									"type" : "ScaleDiscrete"
								},
								"yAxis" : 
								{
									"settings" : 
									{
										"breaks" : 
										[
											0,
											50,
											100,
											150,
											200,
											250
										],
										"breaksType" : "range",
										"expand" : 
										[
											0.050000000000000003,
											0,
											0.050000000000000003,
											0
										],
										"labels" : 
										[
											"0",
											"50",
											"100",
											"150",
											"200",
											"250"
										],
										"limits" : 
										[
											0,
											250
										],
										"limitsType" : "breaks",
										"range" : 
										[
											0,
											250,
											50
										],
										"title" : "Duration(sec)",
										"titleType" : "character"
									},
									"type" : "ScaleContinuous"
								}
							},
							"editable" : false,
							"errorType" : "fatalError",
							"height" : 320,
							"name" : "splitPlots_Duration(sec)",
							"reasonNotEditable" : "unknown reason",
							"revision" : 0,
							"status" : "complete",
							"title" : "Duration(sec)",
							"width" : 480
						}
					},
					"initCollapsed" : false,
					"name" : "splitPlots",
					"title" : "Boxplots"
				},
				"stats" : 
				{
					"casesAcrossColumns" : false,
					"data" : 
					[
						{
							"Level" : "1",
							"Maximum" : 236.0,
							"Mean" : 110.19444444444444,
							"Minimum" : 1.0,
							"Std. Deviation" : 59.273612266430256,
							"Variable" : "Duration(sec)"
						},
						{
							"Level" : "2",
							"Maximum" : 196.0,
							"Mean" : 127.97142857142856,
							"Minimum" : 42.0,
							"Std. Deviation" : 39.637686845821307,
							"Variable" : "Duration(sec)"
						},
						{
							"Level" : "3",
							"Maximum" : 226.0,
							"Mean" : 139.59999999999999,
							"Minimum" : 20.0,
							"Std. Deviation" : 43.329924451136264,
							"Variable" : "Duration(sec)"
						},
						{
							"Level" : "4",
							"Maximum" : 224.0,
							"Mean" : 141.19999999999999,
							"Minimum" : 71.0,
							"Std. Deviation" : 40.933087436190583,
							"Variable" : "Duration(sec)"
						},
						{
							"Level" : "5",
							"Maximum" : 229.0,
							"Mean" : 151.65714285714284,
							"Minimum" : 75.0,
							"Std. Deviation" : 41.77667718120388,
							"Variable" : "Duration(sec)"
						},
						{
							"Level" : "1",
							"Maximum" : "",
							"Mean" : "",
							"Minimum" : "",
							"Std. Deviation" : "",
							"Variable" : "Subject ID"
						},
						{
							"Level" : "2",
							"Maximum" : "",
							"Mean" : "",
							"Minimum" : "",
							"Std. Deviation" : "",
							"Variable" : "Subject ID"
						},
						{
							"Level" : "3",
							"Maximum" : "",
							"Mean" : "",
							"Minimum" : "",
							"Std. Deviation" : "",
							"Variable" : "Subject ID"
						},
						{
							"Level" : "4",
							"Maximum" : "",
							"Mean" : "",
							"Minimum" : "",
							"Std. Deviation" : "",
							"Variable" : "Subject ID"
						},
						{
							"Level" : "5",
							"Maximum" : "",
							"Mean" : "",
							"Minimum" : "",
							"Std. Deviation" : "",
							"Variable" : "Subject ID"
						}
					],
					"footnotes" : 
					[
						{
							"cols" : null,
							"myOrder" : 0,
							"rows" : null,
							"symbol" : "<em>Note.</em>",
							"text" : "Excluded 1 rows from the analysis that correspond to the missing values of the split-by variable RoundNumber"
						},
						{
							"cols" : null,
							"myOrder" : 0,
							"rows" : null,
							"symbol" : "<em>Note.</em>",
							"text" : "Not all values are available for <i>Nominal Text</i> variables"
						}
					],
					"name" : "stats",
					"overTitle" : true,
					"schema" : 
					{
						"fields" : 
						[
							{
								"name" : "Variable",
								"title" : "",
								"type" : "string"
							},
							{
								"name" : "Level",
								"title" : "",
								"type" : "string"
							},
							{
								"format" : "sf:4;dp:3",
								"name" : "Mean",
								"title" : "Mean",
								"type" : "number"
							},
							{
								"format" : "sf:4;dp:3",
								"name" : "Std. Deviation",
								"title" : "Std. Deviation",
								"type" : "number"
							},
							{
								"format" : "sf:4;dp:3",
								"name" : "Minimum",
								"title" : "Minimum",
								"type" : "number"
							},
							{
								"format" : "sf:4;dp:3",
								"name" : "Maximum",
								"title" : "Maximum",
								"type" : "number"
							}
						]
					},
					"status" : "complete",
					"title" : "Descriptive Statistics"
				}
			},
			"rfile" : "",
			"status" : "complete",
			"title" : "Descriptive Statistics",
			"titleDef" : "Descriptive Statistics",
			"userdata" : null,
			"version" : "0.16.4"
		},
		{
			"dynamicModule" : 
			{
				"analysisEntry" : "Correlation",
				"moduleMaintainer" : "JASP Team <info@jasp-stats.org>",
				"moduleName" : "jaspRegression",
				"moduleVersion" : "0.16.4",
				"moduleWebsite" : "jasp-stats.org"
			},
			"id" : 7,
			"name" : "Correlation",
			"options" : 
			{
				".meta" : 
				{
					"partialOutVariables" : 
					{
						"shouldEncode" : true
					},
					"variables" : 
					{
						"shouldEncode" : true
					}
				},
				"alternative" : "twoSided",
				"assumptionCheckMultivariateEnergy" : false,
				"assumptionCheckMultivariateMardia" : false,
				"assumptionCheckMultivariateRoyston" : false,
				"assumptionCheckMultivariateShapiro" : false,
				"assumptionCheckPairwiseEnergy" : false,
				"assumptionCheckPairwiseMardia" : false,
				"assumptionCheckPairwiseRoyston" : false,
				"assumptionCheckPairwiseShapiro" : false,
				"ci" : false,
				"ciBootstrap" : false,
				"ciBootstrapSamples" : 1000,
				"ciLevel" : 0.94999999999999996,
				"crossProducts" : false,
				"heatmapPlot" : false,
				"kendallsTauB" : false,
				"meansAndSd" : false,
				"naAction" : "pairwise",
				"pairwiseDisplay" : false,
				"partialOutVariables" : [],
				"pearson" : false,
				"plotHeight" : 320,
				"plotWidth" : 480,
				"sampleSize" : false,
				"scatterPlot" : false,
				"scatterPlotCi" : false,
				"scatterPlotCiLevel" : 0.94999999999999996,
				"scatterPlotDensity" : false,
				"scatterPlotPredictionInterval" : false,
				"scatterPlotPredictionIntervalLevel" : 0.94999999999999996,
				"scatterPlotStatistic" : false,
				"significanceFlagged" : false,
				"significanceReport" : true,
				"spearman" : true,
				"variables" : 
				[
					"End Speed (RPM)"
				],
				"vovkSellke" : false
			},
			"progress" : null,
			"rSources" : {},
			"results" : 
			{
				".meta" : 
				[
					{
						"info" : "",
						"name" : "mainTable",
						"title" : "Spearman's Correlations",
						"type" : "table"
					}
				],
				"citation" : 
				[
					"JASP Team (2022). JASP (Version 0.16.4) [Computer software]."
				],
				"mainTable" : 
				{
					"casesAcrossColumns" : true,
					"data" : [],
					"footnotes" : [],
					"name" : "mainTable",
					"overTitle" : false,
					"schema" : 
					{
						"fields" : 
						[
							{
								"combine" : false,
								"name" : "var1",
								"overTitle" : "Variable",
								"title" : "",
								"type" : "string"
							},
							{
								"format" : "sf:4;dp:3",
								"name" : "End Speed (RPM)_spearman_estimate",
								"overTitle" : "1. End Speed (RPM)",
								"title" : "Spearman's rho",
								"type" : "number"
							},
							{
								"format" : "dp:3;p:.001",
								"name" : "End Speed (RPM)_spearman_p.value",
								"overTitle" : "1. End Speed (RPM)",
								"title" : "p-value",
								"type" : "pvalue"
							}
						]
					},
					"status" : "complete",
					"title" : "Spearman's Correlations"
				},
				"name" : ""
			},
			"rfile" : "",
			"status" : "complete",
			"title" : "Correlation",
			"titleDef" : "Correlation",
			"userdata" : null,
			"version" : "0.16.4"
		}
	],
	"meta" : null
}
