{
	"computedColumns" : [],
	"dataFilePath" : "/Users/maayan/Downloads/Rotarod Data.csv",
	"dataFileReadOnly" : false,
	"dataFileTimestamp" : 1671390330,
	"dataSet" : 
	{
		"columnCount" : 9,
		"emptyValuesMap" : 
		{
			"Date" : {},
			"Duration(sec)" : {},
			"End Speed (RPM)" : {},
			"RoundNumber" : {},
			"Speed" : {},
			"Subject ID" : {},
			"Time" : {},
			"Year" : {},
			"Zone #" : {}
		},
		"fields" : 
		[
			{
				"measureType" : "NominalText",
				"name" : "Date",
				"type" : "integer"
			},
			{
				"measureType" : "NominalText",
				"name" : "Time",
				"type" : "integer"
			},
			{
				"measureType" : "NominalText",
				"name" : "Speed",
				"type" : "integer"
			},
			{
				"measureType" : "Ordinal",
				"name" : "Zone #",
				"type" : "integer"
			},
			{
				"measureType" : "NominalText",
				"name" : "Subject ID",
				"type" : "integer"
			},
			{
				"measureType" : "Continuous",
				"name" : "Duration(sec)",
				"type" : "number"
			},
			{
				"measureType" : "Continuous",
				"name" : "End Speed (RPM)",
				"type" : "number"
			},
			{
				"measureType" : "Nominal",
				"name" : "Year",
				"type" : "integer"
			},
			{
				"measureType" : "Ordinal",
				"name" : "RoundNumber",
				"type" : "integer"
			}
		],
		"filterVector" : 
		[
			true,
			true,
			true,
			true,
			true,
			true,
			true,
			true,
			true,
			true,
			true,
			true,
			true,
			true,
			true,
			true,
			true,
			true,
			true,
			true,
			true,
			true,
			true,
			true,
			true,
			true,
			true,
			true,
			true,
			true,
			true,
			true,
			true,
			true,
			true,
			true,
			true,
			true,
			true,
			true,
			true,
			true,
			true,
			true,
			true,
			true,
			true,
			true,
			true,
			true,
			true,
			true,
			true,
			true,
			true,
			true,
			true,
			true,
			true,
			true,
			true,
			true,
			true,
			true,
			true,
			true,
			true,
			true,
			true,
			true,
			true,
			true,
			true,
			true,
			true,
			true,
			true,
			true,
			true,
			true,
			true,
			true,
			true,
			true,
			true,
			true,
			true,
			true,
			true,
			true,
			true,
			true,
			true,
			true,
			true,
			true,
			true,
			true,
			true,
			true,
			true,
			true,
			true,
			true,
			true,
			true,
			true,
			true,
			true,
			true,
			true,
			true,
			true,
			true,
			true,
			true,
			true,
			true,
			true,
			true,
			true,
			true,
			true,
			true,
			true,
			true,
			true,
			true,
			true,
			true,
			true,
			true,
			true,
			true,
			true,
			true,
			true,
			true,
			true,
			true,
			true,
			true,
			true,
			true,
			true,
			true,
			true,
			true,
			true,
			true,
			true,
			true,
			true,
			true,
			true,
			true,
			true,
			true,
			true,
			true,
			true,
			true,
			true,
			true,
			true,
			true,
			true,
			true,
			true,
			true,
			true,
			true,
			true,
			true,
			true,
			true,
			true
		],
		"rowCount" : 177
	},
	"database" : null,
	"emptyValues" : 
	[
		"NaN",
		"nan",
		".",
		"NA"
	],
	"filterConstructorJSON" : "{\"formulas\":[]}",
	"filterData" : "# Add filters using R syntax here, see question mark for help.\n\ngeneratedFilter # by default: pass the non-R filter(s)"
}
