{
	"Date" : 
	{
		"labels" : 
		[
			[
				1,
				"12/11/2022",
				true
			],
			[
				2,
				"14/11/2021",
				true
			],
			[
				3,
				"17/11/2021",
				true
			],
			[
				4,
				"21/11/2021",
				true
			],
			[
				5,
				"24/11/2021",
				true
			]
		],
		"orgStringValues" : null
	},
	"RoundNumber" : 
	{
		"labels" : 
		[
			[
				1,
				"1",
				true
			],
			[
				2,
				"2",
				true
			],
			[
				3,
				"3",
				true
			],
			[
				4,
				"4",
				true
			],
			[
				5,
				"5",
				true
			]
		],
		"orgStringValues" : null
	},
	"Speed" : 
	{
		"labels" : 
		[
			[
				1,
				"3.5 to 35 RPM",
				true
			],
			[
				2,
				"4.0 to 40 RPM",
				true
			]
		],
		"orgStringValues" : null
	},
	"Subject ID" : 
	{
		"labels" : 
		[
			[
				1,
				"12-C1_green",
				true
			],
			[
				2,
				"12-C1_red",
				true
			],
			[
				3,
				"12-C1_white",
				true
			],
			[
				4,
				"12-C2_blue",
				true
			],
			[
				5,
				"12-C2_green",
				true
			],
			[
				6,
				"12-C2_red",
				true
			],
			[
				7,
				"12-C2_white",
				true
			],
			[
				8,
				"14-c1-green",
				true
			],
			[
				9,
				"14-c1-red",
				true
			],
			[
				10,
				"14-c1-white",
				true
			],
			[
				11,
				"17-c1_green",
				true
			],
			[
				12,
				"17-c2-red",
				true
			],
			[
				13,
				"17-c2-white",
				true
			],
			[
				14,
				"21-c1-Green",
				true
			],
			[
				15,
				"21-c1-Red",
				true
			],
			[
				16,
				"21-c1-White",
				true
			],
			[
				17,
				"21-c2-Green",
				true
			],
			[
				18,
				"21-c2-Red",
				true
			],
			[
				19,
				"24-c1-green",
				true
			],
			[
				20,
				"24-c1-red",
				true
			],
			[
				21,
				"24-c2-green",
				true
			],
			[
				22,
				"24-c2-white",
				true
			]
		],
		"orgStringValues" : null
	},
	"Time" : 
	{
		"labels" : 
		[
			[
				1,
				"10:07:20",
				true
			],
			[
				2,
				"10:14:56",
				true
			],
			[
				3,
				"10:15:38",
				true
			],
			[
				4,
				"10:17:54",
				true
			],
			[
				5,
				"10:19:14",
				true
			],
			[
				6,
				"10:21:56",
				true
			],
			[
				7,
				"10:23:38",
				true
			],
			[
				8,
				"10:26:05",
				true
			],
			[
				9,
				"10:27:41",
				true
			],
			[
				10,
				"10:27:59",
				true
			],
			[
				11,
				"10:31:11",
				true
			],
			[
				12,
				"10:31:42",
				true
			],
			[
				13,
				"10:32:44",
				true
			],
			[
				14,
				"10:36:25",
				true
			],
			[
				15,
				"10:37:00",
				true
			],
			[
				16,
				"10:39:06",
				true
			],
			[
				17,
				"10:39:54",
				true
			],
			[
				18,
				"10:42:38",
				true
			],
			[
				19,
				"10:45:16",
				true
			],
			[
				20,
				"10:45:29",
				true
			],
			[
				21,
				"10:50:07",
				true
			],
			[
				22,
				"10:50:14",
				true
			],
			[
				23,
				"10:50:37",
				true
			],
			[
				24,
				"10:51:29",
				true
			],
			[
				25,
				"10:57:13",
				true
			],
			[
				26,
				"10:59:37",
				true
			],
			[
				27,
				"10:59:39",
				true
			],
			[
				28,
				"11:01:47",
				true
			],
			[
				29,
				"11:03:17",
				true
			],
			[
				30,
				"11:05:17",
				true
			],
			[
				31,
				"11:05:44",
				true
			],
			[
				32,
				"11:12:15",
				true
			],
			[
				33,
				"11:12:17",
				true
			],
			[
				34,
				"11:18:27",
				true
			],
			[
				35,
				"11:18:31",
				true
			],
			[
				36,
				"12:59:11",
				true
			],
			[
				37,
				"13:05:11",
				true
			],
			[
				38,
				"13:05:15",
				true
			],
			[
				39,
				"13:10:09",
				true
			],
			[
				40,
				"13:11:35",
				true
			],
			[
				41,
				"13:11:37",
				true
			],
			[
				42,
				"13:16:09",
				true
			],
			[
				43,
				"13:16:13",
				true
			],
			[
				44,
				"13:16:44",
				true
			],
			[
				45,
				"13:16:45",
				true
			],
			[
				46,
				"13:20:49",
				true
			],
			[
				47,
				"13:21:16",
				true
			],
			[
				48,
				"13:23:03",
				true
			],
			[
				49,
				"13:27:02",
				true
			],
			[
				50,
				"13:27:34",
				true
			],
			[
				51,
				"13:29:02",
				true
			],
			[
				52,
				"13:29:56",
				true
			],
			[
				53,
				"13:31:51",
				true
			],
			[
				54,
				"13:36:12",
				true
			],
			[
				55,
				"13:36:30",
				true
			],
			[
				56,
				"13:36:42",
				true
			],
			[
				57,
				"13:38:18",
				true
			],
			[
				58,
				"13:39:18",
				true
			],
			[
				59,
				"13:43:17",
				true
			],
			[
				60,
				"13:44:13",
				true
			],
			[
				61,
				"13:44:15",
				true
			],
			[
				62,
				"13:44:29",
				true
			],
			[
				63,
				"13:45:31",
				true
			],
			[
				64,
				"13:48:13",
				true
			],
			[
				65,
				"13:49:27",
				true
			],
			[
				66,
				"13:49:31",
				true
			],
			[
				67,
				"13:51:12",
				true
			],
			[
				68,
				"13:53:08",
				true
			],
			[
				69,
				"13:54:04",
				true
			],
			[
				70,
				"13:56:21",
				true
			],
			[
				71,
				"13:56:52",
				true
			],
			[
				72,
				"13:57:57",
				true
			],
			[
				73,
				"13:58:48",
				true
			],
			[
				74,
				"13:59:41",
				true
			],
			[
				75,
				"14:01:23",
				true
			],
			[
				76,
				"14:02:52",
				true
			],
			[
				77,
				"14:03:47",
				true
			],
			[
				78,
				"14:03:59",
				true
			],
			[
				79,
				"14:08:32",
				true
			],
			[
				80,
				"14:09:02",
				true
			],
			[
				81,
				"14:09:03",
				true
			],
			[
				82,
				"14:10:14",
				true
			],
			[
				83,
				"14:11:20",
				true
			],
			[
				84,
				"14:14:37",
				true
			],
			[
				85,
				"14:14:42",
				true
			],
			[
				86,
				"14:15:12",
				true
			],
			[
				87,
				"14:21:52",
				true
			],
			[
				88,
				"14:22:06",
				true
			],
			[
				89,
				"14:23:31",
				true
			],
			[
				90,
				"14:24:33",
				true
			],
			[
				91,
				"14:27:27",
				true
			],
			[
				92,
				"14:27:31",
				true
			],
			[
				93,
				"14:27:57",
				true
			],
			[
				94,
				"14:34:57",
				true
			],
			[
				95,
				"14:39:26",
				true
			],
			[
				96,
				"14:40:14",
				true
			],
			[
				97,
				"14:40:41",
				true
			],
			[
				98,
				"14:41:44",
				true
			],
			[
				99,
				"14:41:54",
				true
			],
			[
				100,
				"14:49:10",
				true
			],
			[
				101,
				"14:49:55",
				true
			],
			[
				102,
				"14:50:46",
				true
			],
			[
				103,
				"14:51:37",
				true
			],
			[
				104,
				"14:54:31",
				true
			],
			[
				105,
				"14:55:29",
				true
			],
			[
				106,
				"14:55:59",
				true
			],
			[
				107,
				"15:01:06",
				true
			],
			[
				108,
				"15:01:13",
				true
			],
			[
				109,
				"15:02:07",
				true
			],
			[
				110,
				"15:04:11",
				true
			],
			[
				111,
				"15:04:25",
				true
			],
			[
				112,
				"15:05:04",
				true
			],
			[
				113,
				"15:05:07",
				true
			],
			[
				114,
				"15:12:19",
				true
			],
			[
				115,
				"15:13:08",
				true
			],
			[
				116,
				"15:13:15",
				true
			],
			[
				117,
				"15:13:33",
				true
			],
			[
				118,
				"15:22:51",
				true
			],
			[
				119,
				"15:23:34",
				true
			],
			[
				120,
				"15:32:39",
				true
			],
			[
				121,
				"15:32:49",
				true
			],
			[
				122,
				"15:41:20",
				true
			],
			[
				123,
				"15:41:22",
				true
			],
			[
				124,
				"16:45:27",
				true
			],
			[
				125,
				"16:46:47",
				true
			],
			[
				126,
				"16:47:22",
				true
			],
			[
				127,
				"16:56:47",
				true
			],
			[
				128,
				"16:56:55",
				true
			],
			[
				129,
				"16:57:03",
				true
			],
			[
				130,
				"17:02:30",
				true
			],
			[
				131,
				"17:02:54",
				true
			],
			[
				132,
				"17:03:29",
				true
			],
			[
				133,
				"17:04:01",
				true
			],
			[
				134,
				"17:04:15",
				true
			],
			[
				135,
				"17:05:28",
				true
			],
			[
				136,
				"17:07:05",
				true
			],
			[
				137,
				"17:12:15",
				true
			],
			[
				138,
				"17:12:44",
				true
			],
			[
				139,
				"17:13:38",
				true
			],
			[
				140,
				"17:14:10",
				true
			],
			[
				141,
				"17:14:13",
				true
			],
			[
				142,
				"17:14:14",
				true
			],
			[
				143,
				"17:16:00",
				true
			],
			[
				144,
				"17:16:11",
				true
			],
			[
				145,
				"17:16:34",
				true
			],
			[
				146,
				"17:19:43",
				true
			],
			[
				147,
				"17:21:16",
				true
			],
			[
				148,
				"17:21:56",
				true
			],
			[
				149,
				"17:22:47",
				true
			],
			[
				150,
				"17:24:21",
				true
			],
			[
				151,
				"17:25:31",
				true
			],
			[
				152,
				"17:25:35",
				true
			],
			[
				153,
				"17:27:29",
				true
			],
			[
				154,
				"17:28:41",
				true
			],
			[
				155,
				"17:29:13",
				true
			],
			[
				156,
				"17:32:13",
				true
			],
			[
				157,
				"17:37:19",
				true
			],
			[
				158,
				"17:37:35",
				true
			],
			[
				159,
				"17:37:42",
				true
			],
			[
				160,
				"17:42:37",
				true
			],
			[
				161,
				"17:42:41",
				true
			],
			[
				162,
				"17:43:40",
				true
			],
			[
				163,
				"17:45:47",
				true
			],
			[
				164,
				"17:50:22",
				true
			],
			[
				165,
				"17:51:07",
				true
			],
			[
				166,
				"17:51:10",
				true
			],
			[
				167,
				"17:55:03",
				true
			],
			[
				168,
				"17:55:50",
				true
			],
			[
				169,
				"17:55:55",
				true
			],
			[
				170,
				"17:56:51",
				true
			],
			[
				171,
				"18:02:56",
				true
			],
			[
				172,
				"18:03:50",
				true
			]
		],
		"orgStringValues" : null
	},
	"Year" : 
	{
		"labels" : 
		[
			[
				2021,
				"2021",
				true
			],
			[
				2022,
				"2022",
				true
			]
		],
		"orgStringValues" : null
	},
	"Zone #" : 
	{
		"labels" : 
		[
			[
				1,
				"1",
				true
			],
			[
				2,
				"2",
				true
			],
			[
				3,
				"3",
				true
			]
		],
		"orgStringValues" : null
	}
}
